Workbook

Sheet Finding1_RawData
A1: Finding 1 -- raw collective-coordinate signal-to-floor values, all 9 analyzable primary-cohort targets
A2: Threshold for 'clears floor' is signal/floor ratio > 1.0 (see Threshold_Sensitivity sheet for sensitivity to this choice).
A4: Target | B4: Stem-pair index | C4: Distance signal/floor | D4: Angle signal/floor | E4: Distance clears (>1.0) | F4: Angle clears (>1.0)
A5: 2MIY | B5: 1 | C5: 6.2 | D5: 15.25 | E5: =IF(C5>1,1,0) -> 1 | F5: =IF(D5>1,1,0) -> 1
A6: 4RZD | B6: 1 | C6: 1.38 | D6: 3.88 | E6: =IF(C6>1,1,0) -> 1 | F6: =IF(D6>1,1,0) -> 1
A7: 4RZD | B7: 2 | C7: 0.22 | D7: 0.52 | E7: =IF(C7>1,1,0) -> 0 | F7: =IF(D7>1,1,0) -> 0
A8: 5KH8 | B8: 1 | C8: 2.46 | D8: 29.86 | E8: =IF(C8>1,1,0) -> 1 | F8: =IF(D8>1,1,0) -> 1
A9: 5KH8 | B9: 2 | C9: 9.63 | D9: 23.17 | E9: =IF(C9>1,1,0) -> 1 | F9: =IF(D9>1,1,0) -> 1
A10: 7KD1 | B10: 1 | C10: 0.58 | D10: 0.66 | E10: =IF(C10>1,1,0) -> 0 | F10: =IF(D10>1,1,0) -> 0
A11: 7KD1 | B11: 2 | C11: 0.54 | D11: 0.69 | E11: =IF(C11>1,1,0) -> 0 | F11: =IF(D11>1,1,0) -> 0
A12: 7KD1 | B12: 3 | C12: 15.37 | D12: 1192.4 | E12: =IF(C12>1,1,0) -> 1 | F12: =IF(D12>1,1,0) -> 1
A13: 7KD1 | B13: 4 | C13: 0.04 | D13: 0.01 | E13: =IF(C13>1,1,0) -> 0 | F13: =IF(D13>1,1,0) -> 0
A14: 7KD1 | B14: 5 | C14: 4.78 | D14: 0.67 | E14: =IF(C14>1,1,0) -> 1 | F14: =IF(D14>1,1,0) -> 0
A15: 5E54 | B15: 1 | C15: 0.33 | D15: 12.91 | E15: =IF(C15>1,1,0) -> 0 | F15: =IF(D15>1,1,0) -> 1
A16: 5E54 | B16: 2 | C16: 0.38 | D16: 0.21 | E16: =IF(C16>1,1,0) -> 0 | F16: =IF(D16>1,1,0) -> 0
... A33: HCV IRES domain IIa | B33: 4 | C33: 0.01 | D33: 0.08 | E33: =IF(C33>1,1,0) -> 0 | F33: =IF(D33>1,1,0) -> 0
A35: Total dimensions (n) | C35: =COUNT(C5:C33) -> 29
A36: Distance clearing count | E36: =SUM(E5:E33) -> 13
A37: Angle clearing count | F37: =SUM(F5:F33) -> 15
A38: Distance clearing % | E38: =E36/C35 -> 0.44827586
A39: Angle clearing % | F39: =F37/C35 -> 0.51724138

Sheet Threshold_Sensitivity
A1: Sensitivity of Finding 1 to the clearing threshold (default: signal/floor > 1.0)
A2: Every cell below is a live formula referencing Finding1_RawData; changing the threshold column recalculates everything.
A4: Threshold | B4: Distance clearing count | C4: Distance clearing % | D4: Angle clearing count | E4: Angle clearing % | F4: Discordant pairs | G4: Angle-only pairs | H4: McNemar exact p-value
A5: 0.5 | B5: =COUNTIF(Finding1_RawData!C5:C33,">"&A5) -> 16 | C5: =B5/COUNT(Finding1_RawData!C5:C33) -> 0.55172414 | D5: =COUNTIF(Finding1_RawData!D5:D33,">"&A5) -> 20 | E5: =D5/COUNT(Finding1_RawData!D5:D33) -> 0.68965517 | F5: =COUNTIFS(Finding1_RawData!C5:C33,"<="&A5,Finding1_RawData!D5:D33,">"&A5)+COUNTIFS(Finding1_RawData!C5:C33,">"&A5,Finding1_RawData!D5:D33,"<="&A5) -> 4 | G5: =COUNTIFS(Finding1_RawData!C5:C33,"<="&A5,Finding1_RawData!D5:D33,">"&A5) -> 4 | H5: =IF(F5=0,"n/a (no discordant pairs)",MIN(1,2*BINOMDIST(MIN(G5,F5-G5),F5,0.5,TRUE()))) -> 0.125
A6: 1 | B6: =COUNTIF(Finding1_RawData!C5:C33,">"&A6) -> 13 | C6: =B6/COUNT(Finding1_RawData!C5:C33) -> 0.44827586 | D6: =COUNTIF(Finding1_RawData!D5:D33,">"&A6) -> 15 | E6: =D6/COUNT(Finding1_RawData!D5:D33) -> 0.51724138 | F6: =COUNTIFS(Finding1_RawData!C5:C33,"<="&A6,Finding1_RawData!D5:D33,">"&A6)+COUNTIFS(Finding1_RawData!C5:C33,">"&A6,Finding1_RawData!D5:D33,"<="&A6) -> 6 | G6: =COUNTIFS(Finding1_RawData!C5:C33,"<="&A6,Finding1_RawData!D5:D33,">"&A6) -> 4 | H6: =IF(F6=0,"n/a (no discordant pairs)",MIN(1,2*BINOMDIST(MIN(G6,F6-G6),F6,0.5,TRUE()))) -> 0.6875
A7: 1.5 | B7: =COUNTIF(Finding1_RawData!C5:C33,">"&A7) -> 12 | C7: =B7/COUNT(Finding1_RawData!C5:C33) -> 0.4137931 | D7: =COUNTIF(Finding1_RawData!D5:D33,">"&A7) -> 15 | E7: =D7/COUNT(Finding1_RawData!D5:D33) -> 0.51724138 | F7: =COUNTIFS(Finding1_RawData!C5:C33,"<="&A7,Finding1_RawData!D5:D33,">"&A7)+COUNTIFS(Finding1_RawData!C5:C33,">"&A7,Finding1_RawData!D5:D33,"<="&A7) -> 7 | G7: =COUNTIFS(Finding1_RawData!C5:C33,"<="&A7,Finding1_RawData!D5:D33,">"&A7) -> 5 | H7: =IF(F7=0,"n/a (no discordant pairs)",MIN(1,2*BINOMDIST(MIN(G7,F7-G7),F7,0.5,TRUE()))) -> 0.453125
A8: 2 | B8: =COUNTIF(Finding1_RawData!C5:C33,">"&A8) -> 11 | C8: =B8/COUNT(Finding1_RawData!C5:C33) -> 0.37931034 | D8: =COUNTIF(Finding1_RawData!D5:D33,">"&A8) -> 15 | E8: =D8/COUNT(Finding1_RawData!D5:D33) -> 0.51724138 | F8: =COUNTIFS(Finding1_RawData!C5:C33,"<="&A8,Finding1_RawData!D5:D33,">"&A8)+COUNTIFS(Finding1_RawData!C5:C33,">"&A8,Finding1_RawData!D5:D33,"<="&A8) -> 8 | G8: =COUNTIFS(Finding1_RawData!C5:C33,"<="&A8,Finding1_RawData!D5:D33,">"&A8) -> 6 | H8: =IF(F8=0,"n/a (no discordant pairs)",MIN(1,2*BINOMDIST(MIN(G8,F8-G8),F8,0.5,TRUE()))) -> 0.2890625
A9: 3 | B9: =COUNTIF(Finding1_RawData!C5:C33,">"&A9) -> 9 | C9: =B9/COUNT(Finding1_RawData!C5:C33) -> 0.31034483 | D9: =COUNTIF(Finding1_RawData!D5:D33,">"&A9) -> 13 | E9: =D9/COUNT(Finding1_RawData!D5:D33) -> 0.44827586 | F9: =COUNTIFS(Finding1_RawData!C5:C33,"<="&A9,Finding1_RawData!D5:D33,">"&A9)+COUNTIFS(Finding1_RawData!C5:C33,">"&A9,Finding1_RawData!D5:D33,"<="&A9) -> 8 | G9: =COUNTIFS(Finding1_RawData!C5:C33,"<="&A9,Finding1_RawData!D5:D33,">"&A9) -> 6 | H9: =IF(F9=0,"n/a (no discordant pairs)",MIN(1,2*BINOMDIST(MIN(G9,F9-G9),F9,0.5,TRUE()))) -> 0.2890625
A10: 5 | B10: =COUNTIF(Finding1_RawData!C5:C33,">"&A10) -> 8 | C10: =B10/COUNT(Finding1_RawData!C5:C33) -> 0.27586207 | D10: =COUNTIF(Finding1_RawData!D5:D33,">"&A10) -> 11 | E10: =D10/COUNT(Finding1_RawData!D5:D33) -> 0.37931034 | F10: =COUNTIFS(Finding1_RawData!C5:C33,"<="&A10,Finding1_RawData!D5:D33,">"&A10)+COUNTIFS(Finding1_RawData!C5:C33,">"&A10,Finding1_RawData!D5:D33,"<="&A10) -> 5 | G10: =COUNTIFS(Finding1_RawData!C5:C33,"<="&A10,Finding1_RawData!D5:D33,">"&A10) -> 4 | H10: =IF(F10=0,"n/a (no discordant pairs)",MIN(1,2*BINOMDIST(MIN(G10,F10-G10),F10,0.5,TRUE()))) -> 0.375
A12: Formula for McNemar exact p-value verified against scipy.stats.binomtest to 4 decimal places (see STAGE0_TECHNICAL_LOG.md section 18) before use in this workbook.

Sheet Statistical_Tests
A1: Statistical significance testing on Finding 1 (threshold = 1.0)
A2: z = 1.959964 (97.5th percentile of the standard normal, for a 95% Wilson score interval) -- standard, documented constant, not fitted.
B4: With T07 (n=29) | C4: Without T07 (n=21)
A5: Distance clearing count | B5: =Finding1_RawData!E36 -> 13
A6: Angle clearing count | B6: =Finding1_RawData!F37 -> 15
A7: n (total dimensions) | B7: =Finding1_RawData!C35 -> 29
A9: Distance clearing (excl. T07) | C9: =SUMPRODUCT((Finding1_RawData!A5:A33<>"T07")*(Finding1_RawData!E5:E33)) -> 7
A10: Angle clearing (excl. T07) | C10: =SUMPRODUCT((Finding1_RawData!A5:A33<>"T07")*(Finding1_RawData!F5:F33)) -> 8
A11: n excl. T07 | C11: =SUMPRODUCT((Finding1_RawData!A5:A33<>"T07")*1) -> 21
A13: Distance clearing % | B13: =B5/B7 -> 0.44827586 | C13: =C9/C11 -> 0.33333333
A14: Angle clearing % | B14: =B6/B7 -> 0.51724138 | C14: =C10/C11 -> 0.38095238
A16: z (95% two-sided) | B16: 1.959964
A18: Distance 95% CI lower / upper (with T07) | B18: =(((B5/B7)+$B$16^2/(2*B7))/(1+$B$16^2/B7))-(($B$16*SQRT((B5/B7)*(1-(B5/B7))/B7+$B$16^2/(4*B7^2)))/(1+$B$16^2/B7)) -> 0.28413168
B19: =(((B5/B7)+$B$16^2/(2*B7))/(1+$B$16^2/B7))+(($B$16*SQRT((B5/B7)*(1-(B5/B7))/B7+$B$16^2/(4*B7^2)))/(1+$B$16^2/B7)) -> 0.62452037
A20: Angle 95% CI lower / upper (with T07) | B20: =(((B6/B7)+$B$16^2/(2*B7))/(1+$B$16^2/B7))-(($B$16*SQRT((B6/B7)*(1-(B6/B7))/B7+$B$16^2/(4*B7^2)))/(1+$B$16^2/B7)) -> 0.34431022
B21: =(((B6/B7)+$B$16^2/(2*B7))/(1+$B$16^2/B7))+(($B$16*SQRT((B6/B7)*(1-(B6/B7))/B7+$B$16^2/(4*B7^2)))/(1+$B$16^2/B7)) -> 0.6861391
A22: Distance 95% CI lower / upper (excl. T07) | C22: =(((C9/C11)+$B$16^2/(2*C11))/(1+$B$16^2/C11))-(($B$16*SQRT((C9/C11)*(1-(C9/C11))/C11+$B$16^2/(4*C11^2)))/(1+$B$16^2/C11)) -> 0.17194753
C23: =(((C9/C11)+$B$16^2/(2*C11))/(1+$B$16^2/C11))+(($B$16*SQRT((C9/C11)*(1-(C9/C11))/C11+$B$16^2/(4*C11^2)))/(1+$B$16^2/C11)) -> 0.54626548
A24: Angle 95% CI lower / upper (excl. T07) | C24: =(((C10/C11)+$B$16^2/(2*C11))/(1+$B$16^2/C11))-(($B$16*SQRT((C10/C11)*(1-(C10/C11))/C11+$B$16^2/(4*C11^2)))/(1+$B$16^2/C11)) -> 0.20751011
C25: =(((C10/C11)+$B$16^2/(2*C11))/(1+$B$16^2/C11))+(($B$16*SQRT((C10/C11)*(1-(C10/C11))/C11+$B$16^2/(4*C11^2)))/(1+$B$16^2/C11)) -> 0.59121346
A27: McNemar exact p-value (with T07, threshold=1.0) | B27: =Threshold_Sensitivity!H6 -> 0.6875
A28: Discordant pairs (excl. T07) | C28: =SUMPRODUCT((Finding1_RawData!A5:A33<>"T07")*(Finding1_RawData!C5:C33<=1)*(Finding1_RawData!D5:D33>1))+SUMPRODUCT((Finding1_RawData!A5:A33<>"T07")*(Finding1_RawData!C5:C33>1)*(Finding1_RawData!D5:D33<=1)) -> 5
A29: Angle-only pairs (excl. T07) | C29: =SUMPRODUCT((Finding1_RawData!A5:A33<>"T07")*(Finding1_RawData!C5:C33<=1)*(Finding1_RawData!D5:D33>1)) -> 3
A30: McNemar exact p-value (excl. T07) | C30: =IF(D28=0,"n/a",MIN(1,2*BINOMDIST(MIN(D29,D28-D29),D28,0.5,TRUE()))) -> n/a
A33: Wilson interval and McNemar formulas verified against Python (scipy.stats.binomtest, statsmodels proportion_confint) to 4 decimal places -- see STAGE0_TECHNICAL_LOG.md section 18.

Sheet Pipeline_Corrections
A1: Pipeline correction history -- cumulative effect on the fixed 5-target pilot subset
A2: Corrections were found and applied progressively during real debugging work, not as a designed ablation varying one factor on the full final cohort. This tracks the same 5 pilot targets (2MIY, 4RZD, 5KH8, 7KD1, and T01's representative) through each correction, in the order each defect was found.
A4: Version | B4: T01 representative | C4: Pseudoknot topology | D4: Perturbation-generation code | E4: Distance clearing | F4: Angle clearing
A5: Original K=50 pilot | B5: 1Y26 (exposed) | C5: Uncorrected | D5: Uncorrected (bug present, undiscovered) | E5: 4/11 (36%) | F5: 6/11 (55%)
A6: K=100, no corrections yet | B6: 1Y26 (exposed) | C6: Uncorrected | D6: Uncorrected | E6: 4/11 (36%) | F6: 6/11 (55%)
A7: K=100, 7KD1 topology corrected only | B7: 1Y26 (exposed) | C7: 7KD1 corrected | D7: Uncorrected | E7: 3/13 (23%) | F7: 6/13 (46%)
A8: K=100, all topology corrected | B8: 1Y26 (exposed) | C8: All corrected | D8: Uncorrected | E8: 3/15 (20%) | F8: 7/15 (47%)
A9: K=100, correct T01 representative | B9: 5E54 (clean) | C9: All corrected | D9: Uncorrected | E9: 3/15 (20%) | F9: 4/15 (27%)
A10: Final: perturbation-generation bug also fixed | B10: 5E54 (clean) | C10: All corrected | D10: Corrected | E10: 7/15 (47%) | F10: 8/15 (53%)
A12: Final row corresponds to the 5-target subset of Finding 1's full 9-target result (Finding1_RawData sheet); the 9-target pooled figures (45%/52%) additionally include T02, T06, T07, and HCV IIa, which were not part of the original 5-target pilot cohort this correction history tracks.

Sheet Production_K
A1: Production sample count (K), all 10 convergence-checked targets
A3: Target | B3: K=50 CV | C3: K where CV first <10% | D3: Assigned production K | E3: Basis
A4: 2MIY | B4: 0.107 | C4: 50 or below | D4: 50 | E4: Comfortable at default
A5: 7KD1 | B5: 0.108 | C5: 50 or below | D5: 50 | E5: Comfortable at default once topology corrected
A6: 5KH8 | B6: 0.117 | C6: 50 or below | D6: 50 | E6: Comfortable at default
A7: T09 | B7: 0.075 | C7: 50 or below | D7: 50 | E7: Comfortable at default; noise-floor calibration separately unavailable
A8: HCV IRES domain IIa | B8: 0.089 | C8: 50 or below | D8: 50 | E8: Comfortable at default
A9: T07 | B9: 0.046 | C9: 50 or below | D9: 50 | E9: Comfortable at default -- lowest K=50 CV of any target checked
A10: 5E54 | B10: 0.133 | C10: 70 | D10: 70 | E10: Multi-modality-confirmed genuine spread
A11: T06 | B11: 0.215 | C11: 80 | D11: 80 | E11: Multi-modality-confirmed genuine spread
A12: 4RZD | B12: 0.192 | C12: 90 | D12: 90 | E12: Multi-modality-confirmed genuine spread
A13: T02 | B13: 0.174 | C13: 90 | D13: 90 | E13: Multi-modality-confirmed genuine spread; least clean-cut result of any target checked
A14: T04 | C14: n/a | D14: n/a | E14: Zero collective-coordinate dimensions -- not a convergence question

Sheet Pseudoknot_Audit
A1: Pseudoknot-annotation audit, all 12 targets checked with IPknot
A3: Target | B3: Crossing pairs found | C3: Correction applied
A4: 1Y26 | B4: 2 | C4: Yes
A5: 2MIY | B5: 0 | C5: No -- confirmed negative
A6: 4RZD | B6: 7 | C6: Yes
A7: 5KH8 | B7: 4 | C7: Yes
A8: 7KD1 | B8: 2 | C8: Yes
A9: 5E54 | B9: 2 | C9: Yes -- shares 1Y26's core
A10: T02 | B10: 0 | C10: No
A11: T04 | B11: 0 | C11: No
A12: T06 | B12: 0 | C12: No
A13: T07 | B13: 2 | C13: Yes
A14: T09 | B14: 6 | C14: Yes -- most of any target checked
A15: HCV IRES domain IIa (1P5M) | B15: 0 | C15: No
A17: =COUNTIF(C4:C15,"Yes*")&" of 12 targets required a real topology correction before their first generation run." -> 7 of 12 targets required a real topology correction before their first generation run.

Sheet Cohort_Composition
A1: Primary cohort composition -- 14 leakage-clean, Tier 1-2 targets
A3: Target | B3: Family | C3: Representative PDB ID | D3: Contributes to Finding 1? | E3: Reason if not
A4: T01 | B4: Adenine riboswitch | C4: 5E54 | D4: Yes
A5: T02 | B5: preQ1 riboswitch Class I | C5: 2L1V | D5: Yes
A6: T03 | B6: preQ1 riboswitch Class II | C6: 2MIY | D6: Yes
A7: T04 | B7: preQ1 riboswitch Class I (2nd organism) | C7: 3Q50 | D7: No | E7: Zero collective-coordinate dimensions
A8: T05 | B8: preQ1 riboswitch Class III | C8: 4RZD | D8: Yes
A9: T06 | B9: HIV-1 TAR | C9: 8THV | D9: Yes
A10: T07 | B10: TPP riboswitch | C10: 8F4O | D10: Yes
A11: T09 | B11: Glutamine riboswitch | C11: 5DDO | D11: No | E11: Noise-floor calibration blocked (dense pseudoknot)
A12: T10 | B12: THF riboswitch | C12: 7KD1 | D12: Yes
A13: T11 | B13: Fluoride riboswitch | C13: 5KH8 | D13: Yes
A14: T15 | B14: c-di-GMP riboswitch | C14: 3IRW | D14: No | E14: No clean unbound counterpart
A15: T17 | B15: Cobalamin riboswitch | C15: 8FW4 (representative) | D15: No | E15: Real apo-to-holo transition is dimer-based
A16: T19 | B16: ZTP/ZMP riboswitch | C16: 6OD9 | D16: No | E16: No clean unbound counterpart
A17: HCV IIa | B17: HCV IRES domain IIa | C17: 1P5M | D17: Yes
